OPO	165	166	lowcost	LIS
OPO	166	166	normal	LIS
LIS	168.46	165	normal	OPO
LIS	167	164	lowcost	OPO
LIS	149.568089	154	lowcost	FAO
LIS	150.108046	149	normal	FAO
FAO	509.5412222	225	normal	FNC
FNC	524.6654178	236	lowcost	PDL
PDL	96.91688193	105	lowcost	TER
TER	867.2141386	250	lowcost	OPO
PXO	609.6978461	237	normal	OPO
FNC	32.10584322	45	lowcost	PXO
PXO	37.10584322	55	lowcost	FNC
